{"frames": {

"Button01.png":
{
	"frame": {"x":2,"y":2,"w":300,"h":80},
	"rotated": false,
	"trimmed": false,
	"spriteSourceSize": {"x":0,"y":0,"w":300,"h":80},
	"sourceSize": {"w":300,"h":80},
	"pivot": {"x":0.5,"y":0.5}
},
"Button02.png":
{
	"frame": {"x":304,"y":2,"w":300,"h":80},
	"rotated": false,
	"trimmed": false,
	"spriteSourceSize": {"x":0,"y":0,"w":300,"h":80},
	"sourceSize": {"w":300,"h":80},
	"pivot": {"x":0.5,"y":0.5}
},
"Button03.png":
{
	"frame": {"x":2,"y":84,"w":300,"h":80},
	"rotated": false,
	"trimmed": false,
	"spriteSourceSize": {"x":0,"y":0,"w":300,"h":80},
	"sourceSize": {"w":300,"h":80},
	"pivot": {"x":0.5,"y":0.5}
},
"Button04.png":
{
	"frame": {"x":304,"y":84,"w":300,"h":80},
	"rotated": false,
	"trimmed": false,
	"spriteSourceSize": {"x":0,"y":0,"w":300,"h":80},
	"sourceSize": {"w":300,"h":80},
	"pivot": {"x":0.5,"y":0.5}
},
"Button05.png":
{
	"frame": {"x":2,"y":166,"w":300,"h":80},
	"rotated": false,
	"trimmed": false,
	"spriteSourceSize": {"x":0,"y":0,"w":300,"h":80},
	"sourceSize": {"w":300,"h":80},
	"pivot": {"x":0.5,"y":0.5}
},
"Button06.png":
{
	"frame": {"x":304,"y":166,"w":300,"h":80},
	"rotated": false,
	"trimmed": false,
	"spriteSourceSize": {"x":0,"y":0,"w":300,"h":80},
	"sourceSize": {"w":300,"h":80},
	"pivot": {"x":0.5,"y":0.5}
},
"Button07.png":
{
	"frame": {"x":2,"y":248,"w":300,"h":80},
	"rotated": false,
	"trimmed": false,
	"spriteSourceSize": {"x":0,"y":0,"w":300,"h":80},
	"sourceSize": {"w":300,"h":80},
	"pivot": {"x":0.5,"y":0.5}
},
"Button08.png":
{
	"frame": {"x":304,"y":248,"w":300,"h":80},
	"rotated": false,
	"trimmed": false,
	"spriteSourceSize": {"x":0,"y":0,"w":300,"h":80},
	"sourceSize": {"w":300,"h":80},
	"pivot": {"x":0.5,"y":0.5}
},
"Button09.png":
{
	"frame": {"x":2,"y":330,"w":300,"h":80},
	"rotated": false,
	"trimmed": false,
	"spriteSourceSize": {"x":0,"y":0,"w":300,"h":80},
	"sourceSize": {"w":300,"h":80},
	"pivot": {"x":0.5,"y":0.5}
},
"Button10.png":
{
	"frame": {"x":304,"y":330,"w":300,"h":80},
	"rotated": false,
	"trimmed": false,
	"spriteSourceSize": {"x":0,"y":0,"w":300,"h":80},
	"sourceSize": {"w":300,"h":80},
	"pivot": {"x":0.5,"y":0.5}
},
"Button11.png":
{
	"frame": {"x":2,"y":412,"w":300,"h":80},
	"rotated": false,
	"trimmed": false,
	"spriteSourceSize": {"x":0,"y":0,"w":300,"h":80},
	"sourceSize": {"w":300,"h":80},
	"pivot": {"x":0.5,"y":0.5}
},
"Button12.png":
{
	"frame": {"x":304,"y":412,"w":300,"h":80},
	"rotated": false,
	"trimmed": false,
	"spriteSourceSize": {"x":0,"y":0,"w":300,"h":80},
	"sourceSize": {"w":300,"h":80},
	"pivot": {"x":0.5,"y":0.5}
},
"Button13.png":
{
	"frame": {"x":2,"y":494,"w":300,"h":80},
	"rotated": false,
	"trimmed": false,
	"spriteSourceSize": {"x":0,"y":0,"w":300,"h":80},
	"sourceSize": {"w":300,"h":80},
	"pivot": {"x":0.5,"y":0.5}
},
"Button14.png":
{
	"frame": {"x":2,"y":576,"w":300,"h":80},
	"rotated": false,
	"trimmed": false,
	"spriteSourceSize": {"x":0,"y":0,"w":300,"h":80},
	"sourceSize": {"w":300,"h":80},
	"pivot": {"x":0.5,"y":0.5}
},
"Button15.png":
{
	"frame": {"x":304,"y":494,"w":300,"h":80},
	"rotated": false,
	"trimmed": false,
	"spriteSourceSize": {"x":0,"y":0,"w":300,"h":80},
	"sourceSize": {"w":300,"h":80},
	"pivot": {"x":0.5,"y":0.5}
},
"Button16.png":
{
	"frame": {"x":304,"y":576,"w":300,"h":80},
	"rotated": false,
	"trimmed": false,
	"spriteSourceSize": {"x":0,"y":0,"w":300,"h":80},
	"sourceSize": {"w":300,"h":80},
	"pivot": {"x":0.5,"y":0.5}
}},
"meta": {
	"app": "http://www.codeandweb.com/texturepacker",
	"version": "1.0",
	"image": "buttons.png",
	"format": "RGBA8888",
	"size": {"w":658,"h":658},
	"scale": "1",
	"smartupdate": "$TexturePacker:SmartUpdate:8027a7c86e020e9c541fad3ffb32110b:bc1191d8a28a7361f9f863b05090d0b4:b34c8670b11bb20cb1751a70d3683e22$"
}
}
